method,rmse,mae,num_predictions
user,1.2806066860596546,1.0001234445292064,2255
item,0.926205061848071,0.7194316501941806,16210
