method,precision,recall,k
user,0.003310502283105023,0.003239896519006108,5
item,0.2914285714285714,0.15386008263508133,5
user,0.0035585402252068916,0.004725086479472443,10
item,0.24642857142857144,0.24159930536862986,10
user,0.0039678869953084905,0.00867176329833055,20
item,0.18928571428571428,0.3377387388756834,20
